Suburb,Address,Rooms,Type,Method,SellerG,Date,Distance,Postcode,Bedroom2,Bathroom,Car,Landsize,BuildingArea,YearBuilt,CouncilArea,Lattitude,Longtitude,Price
South Melbourne,50 Bridport St,2,h,PI,Greg,16/04/2016 0:00,2.1,3205,2,2,1,141,150,1900,Port Phillip,-37.8389,144.9612,2000000
Albert Park,6 Brooke St,2,h,S,Greg,28/05/2016 0:00,3.3,3206,2,1,0,79,68,1890,Port Phillip,-37.8387,144.9519,980000
South Melbourne,16 Tribe St,3,h,S,Cayzer,15/10/2016 0:00,2.1,3205,3,2,1,161,141,1890,Port Phillip,-37.8383,144.9499,2000000
South Melbourne,296 Albert Rd,3,h,S,Marshall,18/06/2016 0:00,2.1,3205,3,2,2,151,153,1900,Port Phillip,-37.8383,144.9632,1825000
South Yarra,9/18 Kensington Rd,2,u,S,Biggin,15/10/2016 0:00,3.3,3141,2,1,1,2122,64,1960,Stonnington,-37.8383,145.0014,693000
South Melbourne,38 Tribe St,3,h,S,Marshall,04/03/2017 0:00,2.1,3205,3,1,0,276,119,1900,Port Phillip,-37.838,144.9489,2633000
Toorak,296A Williams Rd,3,h,PI,Marshall,11/03/2017 0:00,4.6,3142,3,2,4,1317,228,2000,Stonnington,-37.838,145.0054,2840000
South Yarra,15/9 Darling St,2,u,SA,Williams,04/03/2017 0:00,3.3,3141,2,2,2,0,38,2015,Stonnington,-37.8379,144.9913,990000
South Melbourne,352 Moray St,4,h,PI,Marshall,07/05/2016 0:00,2.1,3205,5,3,0,190,232,1856,Port Phillip,-37.8377,144.9653,2260000
South Yarra,18 Avoca St,4,h,S,Castran,12/11/2016 0:00,3.3,3141,4,2,0,292,272,1880,Stonnington,-37.8377,144.9894,5700000
South Yarra,2/1 Walsh St,2,u,PI,Williams,08/10/2016 0:00,3.3,3141,2,2,2,0,107,1986,Melbourne,-37.8376,144.9847,1300000
South Yarra,6/1 Walsh St,2,u,PI,Williams,08/10/2016 0:00,3.3,3141,2,2,1,0,107,1980,Melbourne,-37.8376,144.9847,1300000
South Yarra,18/33 Kensington Rd,1,u,SP,hockingstuart,12/11/2016 0:00,3.3,3141,1,1,1,0,44,1970,Stonnington,-37.8375,145.0012,515000
Toorak,28 Bruce St,3,h,SP,Castran,28/05/2016 0:00,4.6,3142,3,3,2,575,205,1930,Stonnington,-37.8375,145.0092,2250000
South Yarra,8/18 Darling St,2,u,S,hockingstuart,04/03/2017 0:00,3.3,3141,2,1,1,0,64,1970,Stonnington,-37.8374,144.9918,535000
South Melbourne,25 Mountain St,3,h,S,hockingstuart,04/03/2017 0:00,2.1,3205,3,1,0,149,104,1900,Port Phillip,-37.8374,144.9495,1270000
Toorak,7/36 Grange Rd,1,u,S,Jellis,15/10/2016 0:00,4.6,3142,1,1,1,0,57,1970,Stonnington,-37.8373,145.0116,541000
South Melbourne,203/196 Albert Rd,2,u,VB,Marshall,17/09/2016 0:00,2.1,3205,2,2,2,0,122,2001,Port Phillip,-37.8372,144.9672,1050000
Toorak,11/38 Grange Rd,3,u,S,hockingstuart,18/03/2017 0:00,4.6,3142,3,1,1,57,107,1960,Stonnington,-37.8371,145.012,950000
Toorak,4/8 Bruce St,2,u,S,RT,06/08/2016 0:00,4.6,3142,2,2,2,0,109,1970,Stonnington,-37.8371,145.0066,925000
South Yarra,1107/12 Yarra St,1,u,PI,Biggin,13/08/2016 0:00,3.3,3141,1,1,1,0,56,2007,Stonnington,-37.837,144.9931,425000
South Yarra,4/30 Murphy St,2,u,S,Williams,25/02/2017 0:00,3.3,3141,2,1,1,0,70,1970,Stonnington,-37.837,144.9907,680500
South Melbourne,13/182 Albert Rd,2,u,S,hockingstuart,07/11/2016 0:00,2.1,3205,2,1,1,0,76,2004,Port Phillip,-37.8369,144.968,595000
Toorak,1/21 Bruce St,1,u,PI,Williams,07/05/2016 0:00,4.6,3142,1,1,1,0,38,1958,Stonnington,-37.8369,145.0077,349000
Toorak,13 Bruce St,3,h,VB,Castran,19/11/2016 0:00,4.6,3142,3,2,1,268,139,1900,Stonnington,-37.8369,145.0072,1900000
South Yarra,20/30 Mona Pl,2,u,SP,hockingstuart,04/06/2016 0:00,3.3,3141,2,1,1,0,73,1960,Melbourne,-37.8368,144.9857,572000
South Yarra,22/49 Walsh St,1,u,S,hockingstuart,19/11/2016 0:00,3.3,3141,1,1,1,0,56,1970,Melbourne,-37.8368,144.9848,567500
South Yarra,49 Leopold St,4,h,PI,Williams,18/03/2017 0:00,3.3,3141,4,2,2,141,127,1880,Melbourne,-37.8366,144.9827,2600000
South Melbourne,144 Cobden St,3,h,PI,Greg,04/06/2016 0:00,2.1,3205,3,1,1,181,117,1880,Port Phillip,-37.8365,144.9631,1405000
South Melbourne,24 Lyell St,3,h,VB,Greg,17/09/2016 0:00,2.1,3205,3,2,1,108,125,1890,Port Phillip,-37.8363,144.9509,1250000
South Melbourne,157 Napier St,3,h,SP,Marshall,03/09/2016 0:00,2.1,3205,3,2,1,88,93,1890,Port Phillip,-37.8363,144.9628,1600000
South Yarra,7/32 Marne St,2,u,PI,Kay,04/03/2017 0:00,3.3,3141,2,1,0,0,79,1930,Melbourne,-37.8361,144.9842,695000
South Yarra,76 Leopold St,3,h,PI,Marshall,12/11/2016 0:00,3.3,3141,3,2,1,215,200,1910,Melbourne,-37.8361,144.9831,2695000
South Yarra,202/800 Chapel St,2,u,S,Beller,25/02/2017 0:00,3.3,3141,2,2,1,0,92,2002,Stonnington,-37.8361,144.9966,840000
South Yarra,70 Park St,3,h,VB,Marshall,15/10/2016 0:00,3.3,3141,3,3,2,191,175,1890,Melbourne,-37.836,144.9824,3000000
South Melbourne,315 Moray St,4,h,S,Marshall,10/12/2016 0:00,2.1,3205,4,3,1,200,153,1860,Port Phillip,-37.836,144.965,2180000
South Melbourne,248 Montague St,3,h,VB,Marshall,17/09/2016 0:00,2.1,3205,3,2,0,204,195,1890,Port Phillip,-37.8357,144.9531,1650000
South Melbourne,18a Iffla St,4,h,S,Marshall,22/05/2016 0:00,2.1,3205,4,3,2,577,220,2009,Port Phillip,-37.8357,144.9502,1615000
South Yarra,3/38 Arnold St,1,u,S,hockingstuart,22/05/2016 0:00,3.3,3141,1,1,1,480,53,1930,Melbourne,-37.8356,144.9767,540000
South Yarra,14/85 Caroline St,1,u,S,hockingstuart,18/06/2016 0:00,3.3,3141,1,1,1,0,45,1960,Stonnington,-37.8355,144.9884,400000
South Melbourne,396 Dorcas St,4,h,S,Greg,03/12/2016 0:00,2.1,3205,4,2,0,163,153,1890,Port Phillip,-37.8355,144.951,1620000
South Melbourne,372 Dorcas St,3,h,S,RT,24/09/2016 0:00,2.1,3205,3,2,2,0,260,1877,Port Phillip,-37.8352,144.952,2300000
South Melbourne,46 Cobden St,3,h,PI,Greg,22/05/2016 0:00,2.1,3205,3,2,1,138,138,1998,Port Phillip,-37.8351,144.9675,1390000
South Yarra,19/47 Rockley Rd,2,u,VB,Abercromby's,22/08/2016 0:00,3.3,3141,2,1,1,0,73,1980,Stonnington,-37.835,145.0002,500000
Toorak,23 Canberra Rd,4,h,PI,RT,15/10/2016 0:00,4.6,3142,4,3,2,732,367,1980,Stonnington,-37.8349,145.01,4500000
South Melbourne,25 Cobden St,3,h,VB,Greg,13/08/2016 0:00,2.1,3205,3,2,0,113,120,1910,Port Phillip,-37.8346,144.9688,1200000
South Melbourne,22A Cobden St,2,h,SP,Cayzer,11/02/2017 0:00,2.1,3205,2,1,0,115,76,1900,Port Phillip,-37.8345,144.9685,930000
Toorak,4/83 Grange Rd,3,t,VB,Kay,15/10/2016 0:00,4.6,3142,3,2,2,117,214,2000,Stonnington,-37.8343,145.0112,1550000
South Yarra,19/110 Caroline St,2,u,PI,Williams,08/10/2016 0:00,3.3,3141,2,1,1,0,75,1960,Stonnington,-37.8343,144.9899,780000
South Yarra,9/210 Domain Rd,2,u,S,Jellis,28/08/2016 0:00,3.3,3141,2,1,1,0,79,1970,Melbourne,-37.8342,144.9842,826000
South Melbourne,806/50 Albert Rd,2,u,S,Dingle,03/09/2016 0:00,2.1,3205,2,2,1,0,83,2012,Port Phillip,-37.8341,144.9713,593000
South Melbourne,1901/50 Albert Rd,2,u,S,Dingle,07/11/2016 0:00,2.1,3205,2,1,1,0,56,2013,Port Phillip,-37.8341,144.9713,490000
South Yarra,13/4 Gordon Gr,2,u,S,Ray,27/06/2016 0:00,3.3,3141,2,1,1,0,61,1965,Stonnington,-37.8337,144.9886,480000
South Yarra,15/2 Gordon Gr,2,u,S,Jellis,17/09/2016 0:00,3.3,3141,2,1,2,0,72,1970,Stonnington,-37.8336,144.9882,600000
South Yarra,12 Witchwood Cl,3,t,PI,hockingstuart,04/06/2016 0:00,3.3,3141,2,2,1,181,148,1990,Melbourne,-37.8334,144.9867,1460000
South Yarra,12 Witchwood Cl,3,h,SP,Biggin,28/08/2016 0:00,3.3,3141,2,2,1,181,148,1990,Melbourne,-37.8334,144.9867,1700000
South Melbourne,164 Cecil St,3,h,S,Marshall,27/11/2016 0:00,2.1,3205,3,2,0,141,163,1890,Port Phillip,-37.8333,144.9576,2075000
Richmond,12/200 Brighton St,2,u,S,Jellis,10/09/2016 0:00,2.6,3121,2,1,2,0,68,1997,Yarra,-37.8333,144.998,695000
Richmond,10/200 Brighton St,2,u,S,Woodards,19/11/2016 0:00,2.6,3121,2,1,1,0,70,1993,Yarra,-37.8333,144.998,646000
Toorak,4 Matthews Ct,3,h,PI,Kay,10/12/2016 0:00,4.6,3142,3,2,2,600,205,1967,Stonnington,-37.8332,145.0117,2820000
Richmond,704/8 Howard St,3,u,SP,Nelson,14/05/2016 0:00,2.6,3121,3,2,1,0,120,2005,Yarra,-37.8331,144.9975,760000
Richmond,104/8 Howard St,1,u,VB,RT,27/11/2016 0:00,2.6,3121,1,1,1,0,50,2005,Yarra,-37.8331,144.9975,385000
South Melbourne,247 York St,3,h,S,Greg,08/10/2016 0:00,2.1,3205,3,2,0,224,113,1890,Port Phillip,-37.8329,144.9529,1250000
Toorak,1/3 Glover Ct,3,h,S,RT,03/12/2016 0:00,4.6,3142,3,1,0,889,135,1943,Stonnington,-37.8328,145.0065,1435000
South Yarra,4/943 Punt Rd,2,u,SP,hockingstuart,26/07/2016 0:00,3.3,3141,2,1,1,0,62,1890,Melbourne,-37.8323,144.9876,520000
South Melbourne,5/38 Bank St,3,u,SP,Greg,27/11/2016 0:00,2.1,3205,3,2,2,0,90,2003,Port Phillip,-37.8319,144.9682,742000
South Yarra,1/949 Punt Rd,1,u,SP,hockingstuart,23/04/2016 0:00,3.3,3141,1,1,1,0,37,1970,Melbourne,-37.8319,144.9876,310000
South Yarra,4/957 Punt Rd,2,u,SP,Jellis,07/11/2016 0:00,3.3,3141,2,1,1,0,77,1940,Melbourne,-37.8314,144.9877,659000
Cremorne,175 Dover St,2,t,S,hockingstuart,24/09/2016 0:00,2.5,3121,2,1,1,151,151,1998,Yarra,-37.8311,144.9914,1010000
South Melbourne,1009/148 Wells St,2,u,S,MICM,18/03/2017 0:00,2.1,3205,2,1,1,0,78,2001,Port Phillip,-37.8308,144.9694,561000
Cremorne,301/163 Cremorne St,1,u,PI,hockingstuart,06/08/2016 0:00,2.5,3121,1,1,1,0,52,2007,Yarra,-37.8301,144.9904,425000
Southbank,601/65 Coventry St,2,u,S,hockingstuart,22/05/2016 0:00,1.2,3006,2,2,1,2955,67,2013,Melbourne,-37.8299,144.9679,622500
Richmond,58 Rooney St,2,h,S,Biggin,17/09/2016 0:00,2.6,3121,2,1,2,200,90,1900,Yarra,-37.8294,145.0029,1045000
Burnley,154 Stawell St,3,h,S,Jellis,25/02/2017 0:00,3.5,3121,3,1,0,182,102,1890,Yarra,-37.8289,145.0089,1435000
Cremorne,12 Melrose St,3,h,S,Biggin,28/05/2016 0:00,2.5,3121,2,2,2,138,108,2001,Yarra,-37.8288,144.9891,1300000
Southbank,2/66 Coventry St,2,u,S,RT,19/11/2016 0:00,1.2,3006,2,1,1,0,77,2000,Melbourne,-37.8288,144.9679,660000
Burnley,148 Stawell St,2,h,S,Jellis,24/09/2016 0:00,3.5,3121,2,1,1,149,77,1900,Yarra,-37.8287,145.0089,1202500
Richmond,255 Coppin St,3,h,PI,Jellis,08/10/2016 0:00,2.6,3121,3,1,2,204,128,1900,Yarra,-37.8285,145.0022,1275000
Burnley,12 Loyola Gr,2,h,SP,Jellis,10/12/2016 0:00,3.5,3121,2,1,2,225,119,1910,Yarra,-37.8285,145.0125,1231010
Richmond,52 Brighton St,2,h,S,Biggin,07/05/2016 0:00,2.6,3121,2,2,1,220,131,1920,Yarra,-37.8284,144.9989,1506000
Burnley,92 Madden Gr,2,h,SP,Jellis,16/04/2016 0:00,3.5,3121,2,1,1,172,94,1900,Yarra,-37.8283,145.012,881000
Cremorne,66 Green St,3,h,S,Biggin,27/11/2016 0:00,2.5,3121,3,1,1,326,100,1890,Yarra,-37.8283,144.9946,1300000
Cremorne,72 Cubitt St,2,h,S,hockingstuart,04/06/2016 0:00,2.5,3121,2,1,2,176,114,1920,Yarra,-37.8281,144.9923,1000000
Southbank,7/100 Wells St,3,u,VB,Greg,16/07/2016 0:00,1.2,3006,3,2,1,0,105,1994,Port Phillip,-37.828,144.9683,740000
Southbank,208/102 Wells St,2,u,S,Greg,07/11/2016 0:00,1.2,3006,2,2,1,0,99,1995,Melbourne,-37.828,144.9683,600000
Richmond,1/7 Sanders Pl,3,t,S,Jellis,25/02/2017 0:00,2.6,3121,3,3,2,119,184,2005,Yarra,-37.8278,144.9984,1582000
Cremorne,443 Punt Rd,3,h,S,Biggin,07/11/2016 0:00,2.5,3121,3,2,2,324,165,1880,Yarra,-37.8278,144.9885,1280000
Cremorne,443 Punt Rd,3,h,PI,Biggin,10/09/2016 0:00,2.5,3121,3,2,2,324,165,1880,Yarra,-37.8278,144.9885,1475000
Cremorne,18 Chapel St,2,h,S,Biggin,16/07/2016 0:00,2.5,3121,2,1,1,131,80,1890,Yarra,-37.8274,144.9967,1015000
Southbank,75/285 City Rd,1,u,VB,Dingle,30/07/2016 0:00,1.2,3006,1,1,1,546,51,2000,Melbourne,-37.8274,144.9587,370000
Southbank,92/99 Whiteman St,2,u,VB,Marshall,06/08/2016 0:00,1.2,3006,2,2,1,0,110,2000,Melbourne,-37.8273,144.9556,650000
Hawthorn,78/8 Wallen Rd,4,u,VB,Kay,15/10/2016 0:00,4.6,3122,4,2,3,207,180,2002,Boroondara,-37.8271,145.0243,1650000
Richmond,46 Park Gr,4,h,PI,Biggin,24/09/2016 0:00,2.6,3121,4,2,0,288,193,1900,Yarra,-37.8268,145.0129,1800000
Southbank,6/77 Dodds St,4,u,S,Ray,07/05/2016 0:00,1.2,3006,4,3,1,0,172,1995,Melbourne,-37.8267,144.9687,990000
Southbank,9/81 Dodds St,3,u,SP,Greg,04/06/2016 0:00,1.2,3006,3,2,1,0,114,1995,Melbourne,-37.8267,144.9687,868000
Southbank,6/85 Dodds St,4,u,S,Kay,12/11/2016 0:00,1.2,3006,4,3,1,0,176,2000,Melbourne,-37.8267,144.9687,1250000
Cremorne,56 Wellington St,3,h,VB,Jellis,18/06/2016 0:00,2.5,3121,3,2,2,263,166,2016,Yarra,-37.8266,144.9894,1900000
Richmond,28 Farmer St,3,h,SP,Jellis,26/07/2016 0:00,2.6,3121,3,1,1,331,121,1960,Yarra,-37.8263,145.0085,2055000
Richmond,8 Survey St,4,h,S,Collins,17/09/2016 0:00,2.6,3121,4,2,1,263,145,1900,Yarra,-37.8261,145.0127,1591000
Hawthorn,22/9 Lisson Gr,1,u,S,Biggin,19/11/2016 0:00,4.6,3122,1,1,1,0,52,1970,Boroondara,-37.8261,145.0269,445000
Cremorne,14 Dover St,2,h,S,hockingstuart,16/07/2016 0:00,2.5,3121,2,1,1,125,68,1900,Yarra,-37.8258,144.992,930000
Richmond,28/81 Edinburgh St,2,u,S,Jellis,04/03/2017 0:00,2.6,3121,2,1,1,0,62,1970,Yarra,-37.8258,145.0057,479000
Cremorne,607/140 Swan St,2,u,S,Jellis,19/11/2016 0:00,2.5,3121,2,1,1,0,75,2015,Yarra,-37.8255,144.9948,662500
Richmond,50 Canterbury St,2,h,S,Biggin,28/05/2016 0:00,2.6,3121,2,1,0,127,72,1900,Yarra,-37.8251,145.0063,827500
Richmond,36 Elm Gr,3,h,S,Marshall,17/09/2016 0:00,2.6,3121,3,1,3,210,118,1900,Yarra,-37.8247,145.0001,1695000
Southbank,293/88 Kavanagh St,2,u,VB,Greg,04/06/2016 0:00,1.2,3006,2,1,1,0,84,2003,Melbourne,-37.8246,144.9632,530000
Hawthorn,151 Power St,4,h,S,RT,27/11/2016 0:00,4.6,3122,4,2,2,410,275,1890,Boroondara,-37.8246,145.026,1976000
Southbank,125/173 City Rd,1,u,VB,Greg,16/04/2016 0:00,1.2,3006,1,1,1,0,57,2004,Melbourne,-37.8245,144.9622,425000
Richmond,308 Lennox St,2,h,S,Biggin,10/12/2016 0:00,2.6,3121,2,1,1,166,88,1900,Yarra,-37.8245,144.9933,1220000
Richmond,50B Duke St,3,h,S,Biggin,10/12/2016 0:00,2.6,3121,3,2,1,120,126,2010,Yarra,-37.8243,145.0034,1250000
Richmond,7/182 Coppin St,1,u,S,Jellis,22/08/2016 0:00,2.6,3121,1,1,1,0,40,1965,Yarra,-37.8242,145.0026,306000
Richmond,149 Mary St,3,h,S,Abercromby's,10/12/2016 0:00,2.6,3121,3,1,0,162,81,1915,Yarra,-37.8241,145.0015,1100000
Richmond,27 Glass St,3,h,S,Whiting,14/05/2016 0:00,2.6,3121,3,2,2,129,120,1980,Yarra,-37.824,145.0052,1115000
Richmond,29/9 Tennyson St,2,u,S,Biggin,03/09/2016 0:00,2.6,3121,2,1,1,0,75,2001,Yarra,-37.824,144.9918,582000
Richmond,2/310 Burnley St,3,t,S,Biggin,16/04/2016 0:00,2.6,3121,3,2,1,0,110,2000,Yarra,-37.8238,145.0072,911000
Richmond,32 Duke St,2,h,S,Jellis,04/06/2016 0:00,2.6,3121,2,1,1,169,92,1900,Yarra,-37.8235,145.0035,1025000
Southbank,41/106 Southbank Bvd,3,u,S,VICPROP,03/09/2016 0:00,1.2,3006,3,1,1,0,106,1993,Melbourne,-37.8235,144.9655,720000
Richmond,22a Stanley St,3,h,S,Biggin,24/09/2016 0:00,2.6,3121,3,2,2,80,144,1850,Yarra,-37.8233,144.9947,1600000
Richmond,8 George St,2,h,S,Biggin,10/12/2016 0:00,2.6,3121,2,1,0,158,110,1900,Yarra,-37.8232,145.0002,1189000
Richmond,508/18 Tanner St,1,u,S,hockingstuart,10/09/2016 0:00,2.6,3121,1,1,1,0,50,2004,Yarra,-37.8231,144.9906,681000
Richmond,303/18 Tanner St,2,h,PI,Dingle,08/10/2016 0:00,2.6,3121,2,1,1,0,60,2004,Yarra,-37.8231,144.9906,270000
Richmond,401/18 Tanner St,2,u,S,Biggin,15/10/2016 0:00,2.6,3121,2,2,1,0,85,2008,Yarra,-37.8231,144.9906,691000
Richmond,101/18 Tanner St,2,u,S,Biggin,04/03/2017 0:00,2.6,3121,2,2,1,2740,76,2003,Yarra,-37.8231,144.9906,635000
Richmond,6/366 Church St,2,u,S,Jellis,15/10/2016 0:00,2.6,3121,2,1,1,0,52,2012,Yarra,-37.823,144.9982,680000
Richmond,10 Botherambo St,2,t,SP,Jellis,25/02/2017 0:00,2.6,3121,2,2,1,170,89,1940,Yarra,-37.8229,144.9931,1200000
Southbank,3303/9 Power St,2,u,PI,Marshall,24/09/2016 0:00,1.2,3006,2,2,2,0,73,2014,Melbourne,-37.8229,144.9612,800000
Southbank,308/18 Kavanagh St,1,u,S,Greg,11/02/2017 0:00,1.2,3006,1,1,0,760,70,2007,Melbourne,-37.8228,144.9661,455000
Southbank,1605/14 Kavanagh St,2,u,S,Ray,07/05/2016 0:00,1.2,3006,2,2,1,0,100,2000,Melbourne,-37.8227,144.9664,592500
Richmond,8 Malleson St,3,h,S,Jellis,14/05/2016 0:00,2.6,3121,3,1,0,198,119,1890,Yarra,-37.8225,145.0007,1420000
Richmond,134 Coppin St,3,h,S,Jellis,18/06/2016 0:00,2.6,3121,3,2,1,157,141,1900,Yarra,-37.8225,145.0029,1456000
Richmond,6 Brady St,3,h,S,Biggin,18/03/2017 0:00,2.6,3121,3,2,1,132,95,1900,Yarra,-37.822,145.0041,1275000
Richmond,9/63 Stawell St,2,u,S,Biggin,16/04/2016 0:00,2.6,3121,2,2,1,0,77,2008,Yarra,-37.822,145.0104,638000
Richmond,110/61 Stawell St,1,u,PI,McGrath,07/05/2016 0:00,2.6,3121,1,1,1,7455,53,2005,Yarra,-37.822,145.0104,405000
Richmond,201/61 Stawell St,1,u,PI,hockingstuart,27/06/2016 0:00,2.6,3121,1,1,1,0,60,2008,Yarra,-37.822,145.0104,410000
Richmond,3/61 Stawell St,2,u,S,Jellis,27/06/2016 0:00,2.6,3121,2,2,1,0,68,2008,Yarra,-37.822,145.0104,696000
Southbank,73/1 Riverside Qy,2,u,S,Dingle,24/09/2016 0:00,1.2,3006,2,2,1,0,93,1994,Melbourne,-37.822,144.9637,540000
Richmond,43 Type St,3,h,S,Biggin,27/11/2016 0:00,2.6,3121,3,1,1,152,92,1910,Yarra,-37.8219,145.0096,1270000
Richmond,45 Westbank Tce,2,h,S,Jellis,18/06/2016 0:00,2.6,3121,2,1,1,138,81,1890,Yarra,-37.8218,145.0132,1045000
Richmond,57 Neptune St,3,h,S,hockingstuart,23/04/2016 0:00,2.6,3121,3,2,1,312,141,1920,Yarra,-37.8217,145.007,1650000
Richmond,51 Hunter St,2,h,S,hockingstuart,19/11/2016 0:00,2.6,3121,2,1,1,197,80,1960,Yarra,-37.8215,145.0054,1145000
Richmond,5/285 Punt Rd,1,u,S,Jellis,10/09/2016 0:00,2.6,3121,1,1,1,0,1,1970,Yarra,-37.8214,144.9896,342000
Richmond,29 Westbank Tce,3,h,S,hockingstuart,22/08/2016 0:00,2.6,3121,2,2,1,203,112,1900,Yarra,-37.8214,145.0132,1850000
Richmond,3/11 Brougham St,1,u,S,Biggin,03/12/2016 0:00,2.6,3121,1,1,1,502,38,1950,Yarra,-37.8214,144.9997,370000
Hawthorn,13/44 Burwood Rd,2,u,S,Jellis,28/08/2016 0:00,4.6,3122,2,2,2,0,89,2000,Boroondara,-37.8213,145.0224,627500
Richmond,320 Church St,3,h,S,Jellis,24/09/2016 0:00,2.6,3121,3,2,1,192,111,1900,Yarra,-37.8212,144.9985,1651000
Melbourne,103/565 Flinders St,2,u,VB,Dingle,28/08/2016 0:00,2.8,3000,1,1,1,1136,69,2009,Melbourne,-37.8211,144.9559,360000
Richmond,52 Hunter St,2,h,SP,Biggin,27/11/2016 0:00,2.6,3121,2,1,0,156,80,1900,Yarra,-37.8209,145.0052,1150000
Richmond,35A Hunter St,2,t,S,Jellis,12/11/2016 0:00,2.6,3121,2,2,2,153,125,2004,Yarra,-37.8209,145.0055,1430000
Richmond,42 Hunter St,2,h,S,Biggin,15/10/2016 0:00,2.6,3121,2,2,0,74,95,2000,Yarra,-37.8207,145.0053,860000
Richmond,9 Type St,4,h,PI,Biggin,18/03/2017 0:00,2.6,3121,4,2,0,0,171,1900,Yarra,-37.8206,145.0099,1510000
Richmond,30 Rowena Pde,3,h,S,Biggin,27/06/2016 0:00,2.6,3121,3,1,1,209,128,1900,Yarra,-37.8206,144.9913,1345000
Richmond,19 Dickens St,3,h,S,Jellis,22/08/2016 0:00,2.6,3121,2,1,1,181,102,1900,Yarra,-37.8203,145.0092,1270000
Richmond,249 Punt Rd,4,h,S,Biggin,22/05/2016 0:00,2.6,3121,4,1,0,254,124,1890,Yarra,-37.8201,144.9898,905000
Richmond,249 Punt Rd,4,h,VB,Jellis,08/10/2016 0:00,2.6,3121,4,1,0,254,124,1890,Yarra,-37.8201,144.9898,950000
Richmond,288 Church St,3,h,S,Abercromby's,25/02/2017 0:00,2.6,3121,3,2,1,189,164,1900,Yarra,-37.82,144.9987,1555000
Richmond,24 The Crofts,2,h,S,hockingstuart,30/07/2016 0:00,2.6,3121,2,1,0,103,74,1900,Yarra,-37.8199,144.9911,1125000
Richmond,219/6 Lord St,2,u,PI,hockingstuart,28/08/2016 0:00,2.6,3121,2,2,1,0,91,2013,Yarra,-37.8198,145.005,790000
Richmond,503/6 Lord St,2,u,S,Jellis,10/09/2016 0:00,2.6,3121,3,2,2,0,95,2013,Yarra,-37.8198,145.005,1040000
Richmond,6/33 Goodwood St,2,u,S,Marshall,10/09/2016 0:00,2.6,3121,2,1,1,0,61,1970,Yarra,-37.8198,144.996,512000
Richmond,315/6 Lord St,1,u,VB,Jellis,07/11/2016 0:00,2.6,3121,1,1,1,0,52,2013,Yarra,-37.8198,145.005,500000
Richmond,414/6 Lord St,2,u,S,Biggin,04/03/2017 0:00,2.6,3121,2,1,1,2571,66,2013,Yarra,-37.8198,145.005,561000
Richmond,603/120 Palmer St,1,u,S,LITTLE,14/05/2016 0:00,2.6,3121,1,1,1,0,40,2011,Yarra,-37.8195,145.0103,390000
Richmond,6 Berry St,2,h,PI,hockingstuart,10/12/2016 0:00,2.6,3121,2,1,0,95,63,1900,Yarra,-37.8193,144.9976,900000
Richmond,247 Church St,3,h,PI,Jellis,04/06/2016 0:00,2.6,3121,3,1,1,199,105,1900,Yarra,-37.8193,144.9993,1010000
Richmond,140/73 River St,2,u,SP,Biggin,22/05/2016 0:00,2.6,3121,2,2,2,0,75,2009,Yarra,-37.8189,145.0131,604000
Richmond,153/73 River St,2,u,SP,Biggin,28/05/2016 0:00,2.6,3121,2,2,1,0,70,2004,Yarra,-37.8189,145.0131,560000
Richmond,3/77 River St,3,u,S,Biggin,24/09/2016 0:00,2.6,3121,3,2,2,0,104,2005,Yarra,-37.8189,145.0131,791500
Melbourne,2111/620 Collins St,2,u,SP,Greg,12/11/2016 0:00,2.8,3000,2,1,1,0,67,2002,Melbourne,-37.8188,144.9544,545000
Hawthorn,13/5 Denham St,2,u,S,Marshall,07/05/2016 0:00,4.6,3122,2,1,2,0,88,1960,Boroondara,-37.8186,145.017,753000
Richmond,25 Palmer St,4,h,S,Nelson,27/11/2016 0:00,2.6,3121,4,1,0,434,144,1900,Yarra,-37.8185,145.0061,1775000
Richmond,5 Union St,3,h,S,Biggin,30/07/2016 0:00,2.6,3121,3,1,2,248,100,1900,Yarra,-37.8185,144.9935,1520000
Hawthorn,3/35 Creswick St,2,u,PI,Jellis,18/06/2016 0:00,4.6,3122,2,1,1,0,93,1940,Boroondara,-37.8184,145.0163,815000
Hawthorn,1/4 Hill St,2,u,S,Jellis,23/04/2016 0:00,4.6,3122,2,1,3,0,70,1965,Boroondara,-37.8183,145.0194,665000
Richmond,5 Birch Sq,3,h,VB,Jellis,27/11/2016 0:00,2.6,3121,3,2,2,133,174,2000,Yarra,-37.8183,145.0079,1350000
Richmond,229/253 Bridge Rd,1,u,SP,Biggin,10/09/2016 0:00,2.6,3121,1,1,1,3516,56,2011,Yarra,-37.8183,144.9979,439000
Richmond,5 Koorang La,3,h,PI,Biggin,18/06/2016 0:00,2.6,3121,3,2,1,66,118,2013,Yarra,-37.8181,145.007,1100000
Melbourne,2206/60 Market St,1,u,VB,Dingle,12/11/2016 0:00,2.8,3000,1,1,0,0,57,1960,Melbourne,-37.8178,144.9607,450000
Hawthorn,4A Simpson Pl,3,h,S,Jellis,19/11/2016 0:00,4.6,3122,3,1,3,218,92,1900,Boroondara,-37.8176,145.0204,1180000
Richmond,318/185 Lennox St,2,u,PI,hockingstuart,04/03/2017 0:00,2.6,3121,2,1,1,1725,69,2005,Yarra,-37.8174,144.9949,655000
Richmond,10/8 Hull St,2,u,SP,Jellis,14/05/2016 0:00,2.6,3121,2,1,2,0,69,2000,Yarra,-37.8173,144.9965,640000
Richmond,28/8 Hull St,2,u,PI,Biggin,11/02/2017 0:00,2.6,3121,2,1,1,0,66,2000,Yarra,-37.8173,144.9965,450000
Hawthorn,44 College St,3,h,S,Nelson,08/10/2016 0:00,4.6,3122,3,1,0,232,90,1900,Boroondara,-37.8173,145.0252,1300000
Hawthorn,24 College St,3,h,S,Jellis,24/09/2016 0:00,4.6,3122,3,1,1,199,103,1890,Boroondara,-37.8172,145.0243,1551000
Richmond,143 Burnley St,2,h,PI,hockingstuart,14/05/2016 0:00,2.6,3121,2,1,1,151,76,1900,Yarra,-37.8171,145.009,777500
Richmond,33a River St,4,h,S,hockingstuart,06/08/2016 0:00,2.6,3121,4,2,2,58,158,2007,Yarra,-37.817,145.0135,1375000
Hawthorn,59 Mason St,3,h,S,Jellis,25/02/2017 0:00,4.6,3122,3,2,0,249,171,1890,Boroondara,-37.8169,145.021,2410000
Hawthorn,1 College St,3,h,PI,Jellis,18/03/2017 0:00,4.6,3122,3,2,0,198,148,1910,Boroondara,-37.8169,145.0234,1560000
Melbourne,303/166 Flinders St,1,u,S,Harcourts,22/08/2016 0:00,2.8,3000,1,1,1,0,65,1920,Melbourne,-37.8168,144.9691,440000
Richmond,30 Cameron St,3,h,SP,Marshall,07/11/2016 0:00,2.6,3121,3,1,0,238,94,1900,Yarra,-37.8167,144.9977,1474000
Richmond,32 Cameron St,3,h,S,Marshall,07/11/2016 0:00,2.6,3121,3,1,0,250,115,1900,Yarra,-37.8167,144.9978,1555000
Richmond,207/12 Coppin St,2,u,PI,Jellis,19/11/2016 0:00,2.6,3121,2,2,1,0,76,2013,Yarra,-37.8166,145.0036,660000
Richmond,41 Cameron St,3,h,S,RT,24/09/2016 0:00,2.6,3121,3,2,2,171,118,1890,Yarra,-37.8166,144.9987,1320000
Melbourne,507/325 Collins St,2,u,S,MICM,24/09/2016 0:00,2.8,3000,2,2,1,0,94,1965,Melbourne,-37.8166,144.9635,733000
Richmond,81 Erin St,3,h,S,Biggin,03/09/2016 0:00,2.6,3121,2,1,0,203,81,1900,Yarra,-37.8166,144.9945,1260000
Hawthorn,3 Randolph St,3,h,S,Jellis,12/06/2016 0:00,4.6,3122,3,1,1,351,150,1910,Boroondara,-37.8165,145.021,2065000
Richmond,6/25 River St,2,u,S,hockingstuart,03/09/2016 0:00,2.6,3121,2,1,2,0,85,1997,Yarra,-37.8164,145.0136,795250
Melbourne,208/108 Flinders St,1,u,PI,LITTLE,15/10/2016 0:00,2.8,3000,1,1,0,1414,47,2014,Melbourne,-37.8161,144.9712,375000
Melbourne,1001/639 Little Bourke St,2,u,VB,Greg,18/03/2017 0:00,2.8,3000,2,1,2,0,55,1917,Melbourne,-37.816,144.9535,470000
Hawthorn,37 Brook St,3,h,PI,Jellis,28/08/2016 0:00,4.6,3122,3,2,1,164,126,1890,Boroondara,-37.8159,145.0219,1400000
Richmond,7 Bowen St,3,h,S,Biggin,19/11/2016 0:00,2.6,3121,3,2,1,217,180,1910,Yarra,-37.8158,144.9931,2000000
Richmond,78 Davison St,5,h,SP,Jellis,04/03/2017 0:00,2.6,3121,5,3,3,618,260,1890,Yarra,-37.8157,145.0073,3200000
Hawthorn,3/32 Power St,2,u,S,Kay,28/05/2016 0:00,4.6,3122,2,1,1,0,85,1970,Boroondara,-37.8157,145.0273,495000
Melbourne,32/2 Exhibition St,1,u,VB,Castran,19/11/2016 0:00,2.8,3000,1,1,1,0,64,1920,Melbourne,-37.8157,144.9727,700000
Melbourne,49/2 Exhibition St,1,u,S,Harcourts,10/09/2016 0:00,2.8,3000,1,1,1,0,59,2006,Melbourne,-37.8157,144.9727,659000
Hawthorn,7/6 Osborne Ct,1,u,PI,Biggin,15/10/2016 0:00,4.6,3122,1,1,1,0,41,1950,Boroondara,-37.8155,145.0161,400000
Hawthorn,7 Brook St,3,h,S,Nelson,06/08/2016 0:00,4.6,3122,3,2,1,460,176,1940,Boroondara,-37.8155,145.019,2000000
East Melbourne,1/187 George St,2,u,PI,Harcourts,22/08/2016 0:00,1.5,3002,2,2,1,0,65,1970,Melbourne,-37.8153,144.9842,700000
Hawthorn,11/70 Church St,3,u,S,Jellis,18/03/2017 0:00,4.6,3122,3,1,1,0,75,1970,Boroondara,-37.8153,145.021,630000
Richmond,30 Highett St,4,h,S,Biggin,16/04/2016 0:00,2.6,3121,2,3,1,544,241,1920,Yarra,-37.8152,144.9922,3001000
Richmond,2/175 Kent St,2,t,S,Jellis,10/09/2016 0:00,2.6,3121,2,1,1,92,115,1970,Yarra,-37.815,145.008,855000
Richmond,36/86 Burnley St,2,u,SP,Jellis,06/08/2016 0:00,2.6,3121,2,1,2,0,68,2000,Yarra,-37.815,145.0089,550000
Richmond,176 Buckingham St,4,h,S,Biggin,22/08/2016 0:00,2.6,3121,4,2,1,249,214,1970,Yarra,-37.8147,145.0084,1645000
Hawthorn,8/1 Muir St,3,u,PI,Kay,10/09/2016 0:00,4.6,3122,3,3,2,0,145,1999,Boroondara,-37.8144,145.0153,1000000
Hawthorn,23 Edgerton St,4,h,S,Kay,17/09/2016 0:00,4.6,3122,4,2,1,218,173,1890,Boroondara,-37.8142,145.0252,1936000
Hawthorn,10 Oak St,4,h,S,Jellis,13/08/2016 0:00,4.6,3122,4,2,2,665,220,1890,Boroondara,-37.814,145.0175,3225000
Hawthorn,16 Pine St,3,h,S,Marshall,12/11/2016 0:00,4.6,3122,3,1,1,342,130,1900,Boroondara,-37.814,145.0212,1712000
Richmond,4a Gardner St,2,t,S,hockingstuart,15/10/2016 0:00,2.6,3121,2,1,1,126,115,1995,Yarra,-37.814,145.006,1081000
Richmond,38a Buckingham St,2,t,S,Jellis,14/05/2016 0:00,2.6,3121,2,1,1,97,85,2004,Yarra,-37.814,145.002,930000
Richmond,77 Buckingham St,3,h,S,Biggin,14/05/2016 0:00,2.6,3121,3,1,1,199,110,1920,Yarra,-37.8139,145.0039,1182000
Richmond,18 Buckingham St,3,h,S,Biggin,17/09/2016 0:00,2.6,3121,3,3,1,58,60,2009,Yarra,-37.8139,145.0012,900000
Richmond,25 Egan St,3,h,S,Marshall,12/11/2016 0:00,2.6,3121,3,1,0,245,140,1900,Yarra,-37.8138,144.9921,1074000
Melbourne,405/270 King St,2,u,VB,LITTLE,07/11/2016 0:00,2.8,3000,2,1,0,0,66,1974,Melbourne,-37.8138,144.9548,360000
East Melbourne,7/45 Gipps St,1,u,SP,Caine,28/05/2016 0:00,1.5,3002,2,1,0,0,46,1930,Melbourne,-37.8136,144.9892,750000
Richmond,6 Kennedy St,3,h,S,Nelson,17/09/2016 0:00,2.6,3121,3,1,1,301,110,1935,Yarra,-37.8134,145.0055,1365000
Richmond,40 York St,3,h,VB,Jellis,18/03/2017 0:00,2.6,3121,3,2,1,131,76,1900,Yarra,-37.8132,144.9929,1550000
Melbourne,33/300 King St,1,u,S,MICM,17/09/2016 0:00,2.8,3000,1,1,2,0,102,1965,Melbourne,-37.8132,144.9545,680000
Richmond,31 Johnson St,3,h,PI,Peter,07/05/2016 0:00,2.6,3121,3,1,2,332,116,1940,Yarra,-37.8131,145.005,1350000
Hawthorn,5/40 Barkers Rd,2,u,VB,hockingstuart,22/05/2016 0:00,4.6,3122,2,1,1,0,70,1970,Boroondara,-37.813,145.0207,470000
Hawthorn,8B Myrtle St,2,t,S,Jellis,27/11/2016 0:00,4.6,3122,2,2,1,191,151,1975,Boroondara,-37.813,145.0167,1055000
Richmond,20 Lincoln St,4,h,S,Kay,30/07/2016 0:00,2.6,3121,4,3,2,108,108,2010,Yarra,-37.8129,145.0013,1212500
Richmond,5/10 Elaine Ct,2,u,S,Jellis,27/11/2016 0:00,2.6,3121,2,2,2,0,106,2000,Yarra,-37.8128,145.0139,807000
Richmond,31/15 River Bvd,2,u,S,Biggin,22/05/2016 0:00,2.6,3121,2,2,1,0,104,2000,Yarra,-37.8128,145.0133,750000
Hawthorn,3/1 Elm St,1,u,VB,Jellis,13/08/2016 0:00,4.6,3122,1,1,1,0,50,1940,Boroondara,-37.8128,145.0171,480000
Melbourne,1615/250 Elizabeth St,1,u,S,Dingle,10/09/2016 0:00,2.8,3000,1,1,0,0,64,1976,Melbourne,-37.8127,144.9627,386000
Richmond,412/10 Burnley St,1,u,SP,Biggin,04/03/2017 0:00,2.6,3121,1,1,1,8223,57,2012,Yarra,-37.8127,145.0094,421000
East Melbourne,203/140 Gipps St,2,u,SP,Nelson,16/07/2016 0:00,1.5,3002,2,2,2,0,150,2010,Melbourne,-37.8127,144.9847,1935000
Richmond,106/28 Burnley St,1,u,PI,Collins,15/10/2016 0:00,2.6,3121,1,1,1,0,44,2012,Yarra,-37.8127,145.0094,380000
Richmond,305/28 Burnley St,1,u,S,Biggin,07/11/2016 0:00,2.6,3121,1,1,1,0,43,2012,Yarra,-37.8127,145.0094,327000
Richmond,406/20 Burnley St,1,u,PI,Ray,08/10/2016 0:00,2.6,3121,1,1,1,8223,45,2012,Yarra,-37.8127,145.0094,345000
Richmond,29 Bennett St,3,h,S,Jellis,16/04/2016 0:00,2.6,3121,3,3,2,168,120,1915,Yarra,-37.8126,145.0064,1088000
Richmond,41 Shelley St,3,h,S,Biggin,12/11/2016 0:00,2.6,3121,3,2,2,233,170,1993,Yarra,-37.8122,144.9937,1465000
Richmond,7/42 Baker St,2,u,SP,Caine,13/08/2016 0:00,2.6,3121,2,1,1,0,51,1965,Yarra,-37.812,145.0029,391000
Richmond,22 Garfield St,2,h,S,Biggin,10/12/2016 0:00,2.6,3121,2,1,1,117,75,1900,Yarra,-37.812,144.9939,990000
Kew,3 Oshaughnessy St,3,h,S,Abercromby's,14/05/2016 0:00,5.6,3101,4,2,2,591,190,1910,Boroondara,-37.812,145.0268,1905000
West Melbourne,19/33 Jeffcott St,3,u,S,MICM,30/07/2016 0:00,1.9,3003,2,1,1,0,81,1996,Melbourne,-37.8118,144.9526,601000
West Melbourne,108/33 Jeffcott St,3,u,PI,hockingstuart,07/05/2016 0:00,1.9,3003,3,2,1,0,100,1998,Melbourne,-37.8118,144.9526,660000
Richmond,35 Shelley St,2,h,S,Biggin,15/10/2016 0:00,2.6,3121,2,1,0,139,54,1920,Yarra,-37.8118,144.9937,905000
Richmond,13 McKay St,3,h,VB,Jellis,08/10/2016 0:00,2.6,3121,3,1,0,176,92,1900,Yarra,-37.8116,145.0042,1150000
Melbourne,308/16 Liverpool St,1,u,S,LITTLE,13/08/2016 0:00,2.8,3000,1,1,1,0,51,2005,Melbourne,-37.8111,144.9715,432000
Kew,31 Miller Gr,3,h,S,Walsh,10/12/2016 0:00,5.6,3101,3,1,2,782,175,1920,Boroondara,-37.8107,145.0219,2310000
Melbourne,715/300 Swanston St,2,u,S,Greg,18/03/2017 0:00,2.8,3000,1,1,1,0,68,2004,Melbourne,-37.8106,144.9646,483000
Melbourne,805/300 Swanston St,2,u,S,Purplebricks,07/11/2016 0:00,2.8,3000,2,1,1,0,80,2004,Melbourne,-37.8106,144.9646,665000
Richmond,24 Butler St,2,h,S,Biggin,03/09/2016 0:00,2.6,3121,2,1,1,125,103,1950,Yarra,-37.8106,144.994,937000
Kew,45 Stevenson St,4,h,S,Jellis,18/03/2017 0:00,5.6,3101,4,1,1,650,242,1930,Boroondara,-37.8098,145.022,2265000
Melbourne,2306/265 Exhibition St,2,u,SP,Galldon,04/06/2016 0:00,2.8,3000,2,2,1,0,85,1997,Melbourne,-37.8095,144.9691,780000
Melbourne,901/265 Exhibition St,3,u,S,Greg,15/10/2016 0:00,2.8,3000,3,2,1,0,122,1998,Melbourne,-37.8095,144.9691,750000
Melbourne,1003/265 Exhibition St,3,u,S,hockingstuart,28/05/2016 0:00,2.8,3000,2,2,1,0,89,1997,Melbourne,-37.8095,144.9691,760000
Abbotsford,5 Charles St,3,h,SP,Biggin,04/03/2017 0:00,2.5,3067,3,2,0,134,150,1900,Yarra,-37.8093,144.9944,1465000
West Melbourne,5/467 King St,2,u,S,Jellis,28/05/2016 0:00,1.9,3003,2,1,1,0,83,2002,Melbourne,-37.8091,144.952,620000
Melbourne,3811/80 Abeckett St,2,u,VB,MICM,07/11/2016 0:00,2.8,3000,2,1,1,0,55,2014,Melbourne,-37.8091,144.9609,450000
Collingwood,110/3 Hoddle St,1,u,SP,Biggin,07/11/2016 0:00,1.6,3066,1,1,1,3701,62,2005,Yarra,-37.809,144.9911,415000
Collingwood,307/11 Hoddle St,1,u,SP,Woodards,08/10/2016 0:00,1.6,3066,1,1,1,0,65,2005,Yarra,-37.809,144.9911,372000
Abbotsford,16 William St,2,h,S,Jellis,15/10/2016 0:00,2.5,3067,2,1,2,238,97,1890,Yarra,-37.809,144.9976,1310000
Abbotsford,27 Charles St,2,h,S,Biggin,30/07/2016 0:00,2.5,3067,2,1,1,172,81,1930,Yarra,-37.8086,144.9946,1030000
Abbotsford,40 Nicholson St,3,h,VB,Nelson,12/11/2016 0:00,2.5,3067,3,2,2,214,190,2005,Yarra,-37.8085,144.9964,1350000
Collingwood,15/18 Islington St,3,t,SP,Nelson,04/03/2017 0:00,1.6,3066,3,2,2,0,151,2000,Yarra,-37.8083,144.9908,1125000
Kew,8 Merrion Pl,3,h,SP,Jellis,10/09/2016 0:00,5.6,3101,3,2,1,392,426,2015,Boroondara,-37.8081,145.0263,1878000
Abbotsford,49 Park St,2,h,S,Marshall,19/11/2016 0:00,2.5,3067,2,1,0,147,85,1900,Yarra,-37.808,144.994,1315000
Melbourne,1501/87 Franklin St,2,u,S,HAR,07/05/2016 0:00,2.8,3000,2,1,1,0,84,2001,Melbourne,-37.808,144.9617,535000
Abbotsford,25 Bloomburg St,2,h,S,Biggin,04/02/2016 0:00,2.5,3067,2,1,0,156,79,1900,Yarra,-37.8079,144.9934,1035000
Abbotsford,52a William St,2,h,PI,Biggin,18/06/2016 0:00,2.5,3067,2,2,1,124,135,2013,Yarra,-37.8079,144.9977,1100000
Abbotsford,123/56 Nicholson St,2,u,S,Biggin,12/11/2016 0:00,2.5,3067,2,2,1,0,94,2009,Yarra,-37.8078,144.9965,750000
Abbotsford,3/72 Charles St,4,h,PI,Kay,18/03/2017 0:00,2.5,3067,4,2,2,780,135,1900,Yarra,-37.8073,144.9952,1330000
Abbotsford,55a Park St,4,h,VB,Nelson,04/06/2016 0:00,2.5,3067,3,1,2,120,142,2014,Yarra,-37.8072,144.9941,1600000
Melbourne,1206/483 Swanston St,2,u,VB,Greg,19/11/2016 0:00,2.8,3000,1,1,1,4051,68,2005,Melbourne,-37.8072,144.9623,520000
Kew,4/35 Studley Park Rd,2,u,PI,Nelson,13/08/2016 0:00,5.6,3101,2,1,1,0,90,1970,Boroondara,-37.8071,145.0243,580000
Kew,4/76 Studley Park Rd,3,u,S,Marshall,04/06/2016 0:00,5.6,3101,3,2,2,0,141,1950,Boroondara,-37.8064,145.0182,882000
Kew,2/78 Studley Park Rd,3,u,S,Marshall,25/02/2017 0:00,5.6,3101,3,2,2,140,121,1980,Boroondara,-37.8063,145.0179,955000
Abbotsford,98 Charles St,2,h,S,Nelson,08/10/2016 0:00,2.5,3067,2,1,2,256,107,1890,Yarra,-37.806,144.9954,1636000
Abbotsford,42 Henry St,3,h,S,Jellis,16/07/2016 0:00,2.5,3067,3,2,1,113,110,1880,Yarra,-37.8056,144.993,1200000
Abbotsford,11/205 Gipps St,1,u,S,Nelson,26/07/2016 0:00,2.5,3067,1,1,1,0,50,2013,Yarra,-37.8055,144.9961,470000
Fitzroy,8/98 George St,1,u,S,Caine,25/02/2017 0:00,1.6,3065,1,1,1,782,42,1975,Yarra,-37.8055,144.9809,420000
North Melbourne,306/350 Victoria St,2,u,SP,Alexkarbon,24/09/2016 0:00,2.3,3051,2,1,1,0,75,2002,Melbourne,-37.8055,144.9547,630000
Carlton,8/31 Bouverie St,3,u,PI,Woodards,04/06/2016 0:00,1.8,3053,2,2,1,0,109,1994,Melbourne,-37.8052,144.9604,860000
Fitzroy,52 Nicholson St,4,h,S,Caine,13/08/2016 0:00,1.6,3065,4,4,2,337,291,1854,Yarra,-37.8052,144.9739,3310000
Carlton,83 Cardigan St,2,h,SP,Jellis,08/10/2016 0:00,1.8,3053,2,1,0,66,81,1900,Melbourne,-37.8049,144.9644,840000
Collingwood,12/120 Cambridge St,2,u,S,Nelson,28/05/2016 0:00,1.6,3066,4,1,3,0,2,1890,Yarra,-37.8046,144.9858,1645000
Collingwood,5/61 Little Oxford St,2,u,S,Jellis,24/09/2016 0:00,1.6,3066,2,1,1,0,60,2002,Yarra,-37.8046,144.984,672000
North Melbourne,115/150 Peel St,2,u,VB,W.B.,07/11/2016 0:00,2.3,3051,2,1,1,0,57,2006,Melbourne,-37.8044,144.9566,470000
North Melbourne,203/150 Peel St,2,u,S,Alexkarbon,27/11/2016 0:00,2.3,3051,2,1,1,0,85,2005,Melbourne,-37.8044,144.9566,598000
Collingwood,8/79 Oxford St,3,u,S,Jellis,22/08/2016 0:00,1.6,3066,2,2,2,0,159,1920,Yarra,-37.8042,144.9845,1500000
Collingwood,10/79 Oxford St,2,u,S,Jellis,03/09/2016 0:00,1.6,3066,2,1,1,0,129,1900,Yarra,-37.8042,144.9845,1260000
Collingwood,2/79 Oxford St,2,u,S,Nelson,03/09/2016 0:00,1.6,3066,2,1,1,2886,122,1830,Yarra,-37.8042,144.9845,855000
Collingwood,1/79 Oxford St,2,h,S,Jellis,11/02/2017 0:00,1.6,3066,2,2,1,0,153,1920,Yarra,-37.8042,144.9845,1230000
Collingwood,6/78 Oxford St,2,u,S,Jellis,04/03/2017 0:00,1.6,3066,2,1,1,0,97,1880,Yarra,-37.8035,144.985,910000
Collingwood,29/78 Oxford St,2,u,PI,Jellis,30/07/2016 0:00,1.6,3066,2,2,1,0,114,1920,Yarra,-37.8035,144.985,860000
Collingwood,10/76 Oxford St,2,u,S,Biggin,17/09/2016 0:00,1.6,3066,2,1,1,0,92,1900,Yarra,-37.8035,144.985,683000
Collingwood,5/77 Little Oxford St,3,u,S,Nelson,08/10/2016 0:00,1.6,3066,3,2,1,0,190,2013,Yarra,-37.8032,144.9842,1326000
Fitzroy,3/18 Hanover St,3,h,S,Nelson,03/09/2016 0:00,1.6,3065,3,2,2,0,137,2004,Yarra,-37.8029,144.975,1252000
Kew,15 Barry St,6,h,S,Jellis,13/08/2016 0:00,5.6,3101,6,6,3,1334,365,1890,Boroondara,-37.8029,145.0267,6500000
Collingwood,8/115 Oxford St,2,u,VB,Nelson,25/02/2017 0:00,1.6,3066,2,1,1,0,91,1900,Yarra,-37.8026,144.9848,800000
Abbotsford,124 Yarra St,3,h,S,Nelson,07/05/2016 0:00,2.5,3067,4,2,0,245,210,1910,Yarra,-37.8024,144.9993,1876000
Fitzroy,6/226 Moor St,2,u,VB,hockingstuart,27/06/2016 0:00,1.6,3065,2,1,1,0,70,2007,Yarra,-37.8024,144.9835,630000
Abbotsford,45 Yarra St,3,h,SP,Jellis,27/11/2016 0:00,2.5,3067,3,2,1,120,128,1998,Yarra,-37.8022,144.9954,1195000
Abbotsford,200 Nicholson St,2,h,S,Nelson,28/05/2016 0:00,2.5,3067,2,1,0,182,82,1900,Yarra,-37.8021,144.9976,1012500
Abbotsford,78 Yarra St,3,h,S,LITTLE,16/07/2016 0:00,2.5,3067,2,1,1,138,105,1890,Yarra,-37.8021,144.9965,1176500
North Melbourne,103/25 Byron St,1,u,SP,Jellis,16/07/2016 0:00,2.3,3051,1,1,1,0,60,2012,Melbourne,-37.802,144.9516,450000
North Melbourne,12/25 Byron St,1,u,VB,Jellis,07/11/2016 0:00,2.3,3051,1,1,1,1045,55,2011,Melbourne,-37.802,144.9516,410000
Collingwood,9/22 Stanley St,1,u,SP,Jellis,04/03/2017 0:00,1.6,3066,1,1,1,816,53,2000,Yarra,-37.802,144.9848,452000
Fitzroy,199 Moor St,1,h,S,Nelson,07/11/2016 0:00,1.6,3065,1,1,0,87,66,1980,Yarra,-37.8019,144.9821,947500
Abbotsford,48 Abbotsford St,3,h,PI,Nelson,22/08/2016 0:00,2.5,3067,3,3,1,166,174,2012,Yarra,-37.8017,145.0001,1447500
North Melbourne,44 Byron St,2,h,S,Nelson,15/10/2016 0:00,2.3,3051,2,2,1,584,120,2008,Melbourne,-37.8016,144.9508,990000
Abbotsford,47 Studley St,2,h,S,Jellis,27/11/2016 0:00,2.5,3067,2,1,0,162,91,1900,Yarra,-37.8016,144.9956,1180000
Abbotsford,6/219 Nicholson St,2,u,S,Collins,18/06/2016 0:00,2.5,3067,2,1,1,0,60,1970,Yarra,-37.8015,144.9972,500000
North Melbourne,4/175 Chetwynd St,2,u,S,W.B.,10/12/2016 0:00,2.3,3051,2,2,1,0,98,1998,Melbourne,-37.8015,144.9526,720000
North Melbourne,16 Scotia St,3,h,S,Nelson,10/12/2016 0:00,2.3,3051,3,2,1,97,139,2011,Melbourne,-37.8014,144.949,1325000
Abbotsford,42 Valiant St,2,h,S,Biggin,17/09/2016 0:00,2.5,3067,2,1,1,150,73,1985,Yarra,-37.8011,145.0004,890000
Abbotsford,10 Valiant St,2,h,S,Biggin,08/10/2016 0:00,2.5,3067,3,1,2,220,75,1900,Yarra,-37.801,144.9989,1097000
Carlton,176 Cardigan St,4,h,S,Ascend,14/05/2016 0:00,1.8,3053,4,2,0,132,195,1890,Melbourne,-37.801,144.9656,1630100
Carlton,111/101 Grattan St,2,u,S,Nelson,07/05/2016 0:00,1.8,3053,2,1,1,0,72,1994,Melbourne,-37.8009,144.9662,610250
Abbotsford,60 Stafford St,3,h,S,Biggin,25/02/2017 0:00,2.5,3067,3,1,1,168,124,1950,Yarra,-37.8007,144.9958,1290000
Kew,61 Molesworth St,3,h,VB,Jellis,22/08/2016 0:00,5.6,3101,3,2,3,1353,282,1960,Boroondara,-37.8006,145.0218,3650000
Fitzroy,291 George St,2,h,PI,Nelson,12/11/2016 0:00,1.6,3065,2,1,0,0,105,1890,Yarra,-37.8006,144.9814,1460000
Fitzroy,10/5 St David St,3,u,VB,Nelson,22/05/2016 0:00,1.6,3065,3,2,1,2782,115,2000,Yarra,-37.8005,144.9787,850000
Abbotsford,159 Park St,2,h,S,Nelson,22/08/2016 0:00,2.5,3067,2,2,2,98,128,1920,Yarra,-37.8005,144.9952,1135000
Fitzroy,60 Bell St,4,h,S,Nelson,22/05/2016 0:00,1.6,3065,3,2,1,132,165,1880,Yarra,-37.8004,144.9768,1620000
North Melbourne,509/30 Wreckyn St,2,u,S,LITTLE,19/11/2016 0:00,2.3,3051,2,1,2,0,69,2004,Melbourne,-37.8004,144.9544,620000
North Melbourne,107/33 Wreckyn St,1,u,SP,Jellis,10/12/2016 0:00,2.3,3051,1,1,1,0,52,2003,Melbourne,-37.8,144.9542,368000
Fitzroy,17 Bell St,4,h,S,Nelson,27/11/2016 0:00,1.6,3065,4,3,2,286,275,1890,Yarra,-37.7999,144.9755,4011000
Fitzroy,31 Bell St,4,h,S,Nelson,18/06/2016 0:00,1.6,3065,4,1,0,177,152,1890,Yarra,-37.7999,144.9759,1950000
Carlton,27 Faraday St,2,h,S,Woodards,28/08/2016 0:00,1.8,3053,2,1,0,128,92,1890,Melbourne,-37.7996,144.9737,1117000
Kew,2/37 Wills St,3,t,PI,Jellis,19/11/2016 0:00,5.6,3101,3,2,2,205,184,1995,Boroondara,-37.7993,145.0267,1330000
Carlton,100 Faraday St,2,h,S,Jellis,18/03/2017 0:00,1.8,3053,2,1,0,101,60,1880,Melbourne,-37.7989,144.9713,1010000
North Melbourne,8 Haines St,3,h,S,W.B.,04/03/2017 0:00,2.3,3051,3,1,0,83,129,1980,Melbourne,-37.7987,144.9497,1340000
Carlton,30/188 Faraday St,2,u,S,Nelson,28/05/2016 0:00,1.8,3053,2,1,1,0,63,1999,Melbourne,-37.7986,144.9682,589000
Collingwood,82 Sackville St,2,h,S,Jellis,14/05/2016 0:00,1.6,3066,3,1,1,282,112,1920,Yarra,-37.7985,144.9883,1265000
Carlton,34 Barkly St,2,h,S,Nelson,18/06/2016 0:00,1.8,3053,2,1,1,144,81,1890,Melbourne,-37.7984,144.9738,1170000
Carlton,254 Faraday St,3,h,SP,Woodards,07/05/2016 0:00,1.8,3053,2,2,2,100,106,1900,Melbourne,-37.7983,144.9655,1590000
North Melbourne,3 Murphy St,3,h,S,Jellis,17/09/2016 0:00,2.3,3051,2,1,0,232,93,1930,Melbourne,-37.7977,144.9512,1470000
Fitzroy,113/300 Young St,1,u,SP,Jellis,19/11/2016 0:00,1.6,3065,1,1,1,0,52,2011,Yarra,-37.7974,144.9799,465000
Collingwood,130 Keele St,2,h,S,LITTLE,03/09/2016 0:00,1.6,3066,2,1,1,178,70,1900,Yarra,-37.7974,144.9915,890000
Carlton,205/37 Palmerston St,2,u,PI,Woodards,22/05/2016 0:00,1.8,3053,2,2,1,0,67,2013,Melbourne,-37.7969,144.9742,600000
Carlton,8/220 Elgin St,2,u,S,Harrington,12/11/2016 0:00,1.8,3053,2,1,1,0,70,2000,Melbourne,-37.7969,144.9669,705000
Fitzroy,84 Kerr St,2,h,S,Nelson,22/08/2016 0:00,1.6,3065,2,1,0,106,101,1890,Yarra,-37.7968,144.9781,1122000
Fitzroy,101/416 Gore St,2,u,S,Nelson,26/07/2016 0:00,1.6,3065,2,1,1,0,74,1900,Yarra,-37.7967,144.9836,715000
Carlton,130 Rathdowne St,4,h,S,Woodards,25/02/2017 0:00,1.8,3053,4,1,0,152,139,1890,Melbourne,-37.7966,144.9709,1616000
Fitzroy,431 George St,3,h,PI,Nelson,17/09/2016 0:00,1.6,3065,3,1,1,113,105,1890,Yarra,-37.7966,144.9821,1250000
Collingwood,6 Forest St,2,h,S,Jellis,17/09/2016 0:00,1.6,3066,2,1,0,188,107,1900,Yarra,-37.7964,144.9923,981000
Collingwood,5 Charlotte St,2,h,SP,Peter,19/11/2016 0:00,1.6,3066,2,1,2,159,86,1880,Yarra,-37.7962,144.9887,1000000
Collingwood,2/60 Budd St,3,t,S,Peter,22/05/2016 0:00,1.6,3066,3,2,1,81,82,2000,Yarra,-37.7961,144.9874,887500
Collingwood,1/60 Budd St,3,t,S,Jellis,14/05/2016 0:00,1.6,3066,3,2,1,82,82,1995,Yarra,-37.7961,144.9873,897500
Collingwood,2/13 Alexander St,1,u,S,Woodards,16/07/2016 0:00,1.6,3066,1,1,1,0,44,1970,Yarra,-37.796,144.9911,366000
Collingwood,4/13 Alexander St,1,u,S,Jellis,13/08/2016 0:00,1.6,3066,1,1,1,406,49,1970,Yarra,-37.796,144.9911,457000
Fitzroy,116 Leicester St,2,h,VB,Harrington,27/06/2016 0:00,1.6,3065,2,2,1,64,138,1995,Yarra,-37.7956,144.9804,800000
North Melbourne,103/171 Flemington Rd,1,u,S,W.B.,27/11/2016 0:00,2.3,3051,1,1,1,0,45,1975,Melbourne,-37.7955,144.9492,320000
North Melbourne,110/171 Flemington Rd,2,u,SP,Jellis,07/11/2016 0:00,2.3,3051,2,1,2,0,54,1975,Melbourne,-37.7955,144.9492,550000
Collingwood,10/30 Mater St,2,u,S,Jellis,22/08/2016 0:00,1.6,3066,2,2,1,1060,88,2010,Yarra,-37.7954,144.9868,713500
Collingwood,382 Wellington St,2,h,S,Jellis,12/11/2016 0:00,1.6,3066,2,1,0,130,80,1890,Yarra,-37.7953,144.9882,855000
Fitzroy,9/56 Leicester St,2,t,S,Jellis,27/06/2016 0:00,1.6,3065,2,1,1,0,90,2002,Yarra,-37.7953,144.9775,710000
Fitzroy,7/56 Leicester St,2,t,S,Nelson,13/08/2016 0:00,1.6,3065,2,2,2,0,105,2000,Yarra,-37.7953,144.9775,880000
Collingwood,84 Budd St,3,h,S,hockingstuart,16/04/2016 0:00,1.6,3066,3,1,0,183,104,1880,Yarra,-37.7948,144.9875,1075000
Clifton Hill,18 Barries Pl,3,t,SP,Jellis,24/09/2016 0:00,3.4,3068,3,3,1,67,119,2010,Yarra,-37.7946,144.9989,825000
Parkville,110 Gatehouse St,4,h,S,Jellis,24/09/2016 0:00,2.6,3052,4,1,0,194,186,1890,Melbourne,-37.7944,144.9542,1928000
Fitzroy,4/113 Cecil St,2,u,S,Jellis,06/08/2016 0:00,1.6,3065,2,1,2,0,71,1965,Yarra,-37.7941,144.9802,810000
Fitzroy,107 Cecil St,2,h,S,Nelson,24/09/2016 0:00,1.6,3065,2,1,1,157,110,1900,Yarra,-37.7941,144.98,1300000
Parkville,92 Fitzgibbon St,2,h,S,Collins,08/10/2016 0:00,2.6,3052,2,1,1,187,102,1890,Melbourne,-37.7939,144.9572,1805000
Clifton Hill,7/37 Groom St,2,u,S,Collins,18/06/2016 0:00,3.4,3068,2,2,2,0,136,2005,Yarra,-37.7937,144.9983,885500
Parkville,187 Park Dr,3,h,S,Collins,27/06/2016 0:00,2.6,3052,4,2,1,154,196,1890,Melbourne,-37.7934,144.9562,2236000
Clifton Hill,3/68 Noone St,3,t,S,Collins,07/11/2016 0:00,3.4,3068,3,2,1,124,116,2000,Yarra,-37.7934,144.9923,930000
Clifton Hill,66 Noone St,2,h,S,Harrington,04/06/2016 0:00,3.4,3068,2,1,1,155,85,1880,Yarra,-37.7934,144.9922,780000
Parkville,199 Park Dr,2,h,S,Nelson,19/11/2016 0:00,2.6,3052,2,1,0,70,102,1890,Melbourne,-37.7931,144.9565,1265000
Carlton,83 Princes St,2,h,PI,hockingstuart,07/05/2016 0:00,1.8,3053,2,1,1,117,71,1890,Melbourne,-37.793,144.9728,720000
Carlton,403/20 Reeves St,2,u,S,Harrington,14/05/2016 0:00,1.8,3053,2,2,1,0,65,2010,Melbourne,-37.7929,144.9705,500000
Clifton Hill,119 Roseneath St,2,h,S,Nelson,08/10/2016 0:00,3.4,3068,2,1,1,174,85,1890,Yarra,-37.7928,144.9987,1075000
Parkville,152 Park Dr,2,h,S,Collins,15/10/2016 0:00,2.6,3052,2,2,1,190,172,1875,Melbourne,-37.7928,144.9575,2200000
Clifton Hill,85 Roseneath St,2,h,S,Harrington,08/10/2016 0:00,3.4,3068,2,1,1,185,84,1910,Yarra,-37.7927,144.9981,1105000
Fitzroy North,470 Brunswick St,2,h,S,Woodards,03/09/2016 0:00,3.5,3068,2,1,0,104,70,1880,Yarra,-37.7927,144.9796,860000
Kew,5/13 Hope Ct,2,u,S,Jellis,23/04/2016 0:00,5.6,3101,2,1,2,0,86,1992,Boroondara,-37.7925,145.0263,551000
Fitzroy North,7/14 Rae St,1,u,SP,Jellis,04/03/2017 0:00,3.5,3068,1,1,1,0,40,1975,Yarra,-37.7925,144.9786,358500
Fitzroy North,3 Curtain Pl,3,t,S,Jellis,19/11/2016 0:00,3.5,3068,3,2,1,77,133,2016,Yarra,-37.7923,144.9776,1080000
Clifton Hill,11 Page St,3,h,S,Collins,13/08/2016 0:00,3.4,3068,3,2,1,176,135,1890,Yarra,-37.7921,144.9898,1370000
Clifton Hill,3 Hodgkinson St,3,h,S,Nelson,27/06/2016 0:00,3.4,3068,3,1,0,118,118,1880,Yarra,-37.7921,144.9858,1360000
Clifton Hill,413a Wellington St,2,h,S,Jellis,08/10/2016 0:00,3.4,3068,2,1,1,140,97,1910,Yarra,-37.7919,144.9884,1209000
Fitzroy North,23/86 Queens Pde,2,u,SP,Nelson,18/03/2017 0:00,3.5,3068,2,1,2,0,92,2010,Yarra,-37.7918,144.9824,675000
Clifton Hill,17 Myrtle St,2,h,S,Nelson,10/09/2016 0:00,3.4,3068,2,1,2,239,96,1900,Yarra,-37.7918,144.997,1435000
Fitzroy North,51 Rae St,2,h,SA,Nicholson,04/06/2016 0:00,3.5,3068,2,2,1,134,151,1905,Yarra,-37.7916,144.9784,770000
Fitzroy North,5/35 Jamieson St,3,t,S,Collins,08/10/2016 0:00,3.5,3068,3,2,1,112,145,2000,Yarra,-37.7912,144.9825,1015000
Clifton Hill,40 Myrtle St,2,h,S,Jellis,10/12/2016 0:00,3.4,3068,2,1,0,164,99,1890,Yarra,-37.7912,144.9967,1290000
Carlton North,24/635 Drummond St,2,u,S,hockingstuart,27/06/2016 0:00,3.2,3054,2,1,1,0,76,1975,Yarra,-37.7902,144.97,570000
Clifton Hill,13 Caroline St,3,h,S,Nelson,07/11/2016 0:00,3.4,3068,3,1,0,193,98,1900,Yarra,-37.7899,144.9984,1060000
Fitzroy North,50 Freeman St,2,h,S,Nelson,03/09/2016 0:00,3.5,3068,2,1,0,107,64,1910,Yarra,-37.7898,144.9794,870000
Clifton Hill,32 Caroline St,4,h,S,Collins,10/09/2016 0:00,3.4,3068,4,3,2,382,250,1903,Yarra,-37.7897,144.9992,3010000
Carlton North,112 Newry St,4,h,S,Nelson,04/03/2017 0:00,3.2,3054,4,3,0,122,130,1890,Yarra,-37.7893,144.9696,1425000
Clifton Hill,31 Fenwick St,2,h,VB,Nelson,18/03/2017 0:00,3.4,3068,2,1,0,156,107,1890,Yarra,-37.7892,144.9999,1450000
Clifton Hill,1/1 Marshall Pl,4,h,S,Nelson,25/02/2017 0:00,3.4,3068,4,2,0,162,169,1995,Yarra,-37.7885,144.9994,1506000
Fitzroy North,181 Rae St,2,h,S,Jellis,23/04/2016 0:00,3.5,3068,2,1,0,100,72,1890,Yarra,-37.788,144.9791,937500
Carlton North,75 Fenwick St,3,h,S,Nelson,18/03/2017 0:00,3.2,3054,3,2,0,84,148,1970,Yarra,-37.7879,144.9736,2050000
Carlton North,392 Station St,2,h,S,Kelly,12/11/2016 0:00,3.2,3054,1,2,0,413,172,1900,Yarra,-37.7875,144.9759,2400000
Clifton Hill,3/30 Edmund St,2,u,S,iTRAK,13/08/2016 0:00,3.4,3068,2,1,1,515,50,1970,Yarra,-37.7875,145.0049,495000
Fitzroy North,79 Delbridge St,4,h,S,Nelson,14/05/2016 0:00,3.5,3068,3,2,1,445,175,1890,Yarra,-37.786,144.9864,3400000
Fitzroy North,44 Reid St,4,t,VB,Jellis,18/03/2017 0:00,3.5,3068,4,3,2,127,209,2008,Yarra,-37.7855,144.9789,1700000
Carlton North,1 Fletcher La,2,h,PI,Nelson,10/12/2016 0:00,3.2,3054,2,1,1,73,104,2009,Yarra,-37.7852,144.9719,800000
Fitzroy North,717 Brunswick St,3,h,S,Collins,27/11/2016 0:00,3.5,3068,3,2,0,127,135,1890,Yarra,-37.7851,144.9809,1300000
Fitzroy North,233/4 Bik La,2,u,SP,Woodards,03/09/2016 0:00,3.5,3068,2,2,1,4332,85,2010,Yarra,-37.7846,144.9785,700000
Fairfield,15/262 Heidelberg Rd,2,u,SP,Nelson,27/06/2016 0:00,5.8,3078,2,1,1,0,68,2014,Yarra,-37.7845,145.0105,548000
Fairfield,20/262 Heidelberg Rd,2,u,S,Jellis,07/11/2016 0:00,5.8,3078,2,1,1,0,77,2013,Yarra,-37.7845,145.0105,602000
Alphington,11 Margaret Gr,4,h,SP,McGrath,27/11/2016 0:00,6.4,3078,4,2,2,556,272,1930,Yarra,-37.7844,145.0225,1900000
Northcote,12/20 Ross St,1,u,S,Nelson,10/09/2016 0:00,5.5,3070,1,1,2,0,55,1970,Darebin,-37.7842,144.9991,435000
Fitzroy North,55 Seacombe St,3,h,S,Nelson,28/08/2016 0:00,3.5,3068,3,2,1,118,103,1905,Yarra,-37.7839,144.9807,1450000
Fitzroy North,168 Scotchmer St,3,h,S,Jellis,28/05/2016 0:00,3.5,3068,3,1,0,193,132,1910,Yarra,-37.7836,144.985,1581000
Fitzroy North,205 Scotchmer St,3,h,S,Nelson,27/11/2016 0:00,3.5,3068,3,2,0,202,307,1898,Yarra,-37.7835,144.9867,2150000
Fitzroy North,780 Brunswick St,3,h,S,Nelson,10/09/2016 0:00,3.5,3068,2,1,1,197,128,1900,Yarra,-37.7835,144.9816,1371000
Fitzroy North,191 Scotchmer St,3,h,VB,Nelson,26/07/2016 0:00,3.5,3068,3,1,1,203,110,1890,Yarra,-37.7834,144.9862,1300000
Fitzroy North,92 Scotchmer St,2,h,S,LITTLE,06/08/2016 0:00,3.5,3068,2,1,1,150,77,1890,Yarra,-37.7833,144.9819,1008000
Princes Hill,77 McIlwraith St,4,h,S,Nelson,28/05/2016 0:00,3.7,3054,4,2,1,256,156,1890,Yarra,-37.7833,144.9681,1908000
Northcote,13/200 Westgarth St,1,u,VB,Nelson,27/11/2016 0:00,5.5,3070,1,1,1,0,43,2014,Darebin,-37.7831,145.0124,400000
Fitzroy North,26 Scotchmer St,3,t,VB,Jellis,10/12/2016 0:00,3.5,3068,3,3,1,188,129,2000,Yarra,-37.7829,144.9788,1600000
Fitzroy North,2 Scotchmer St,2,h,S,Nelson,15/10/2016 0:00,3.5,3068,2,1,1,223,118,1885,Yarra,-37.7829,144.9782,1210000
Parkville,12/196 The Avenue,1,u,SP,Nelson,25/02/2017 0:00,2.6,3052,1,1,1,2488,50,1995,Melbourne,-37.7829,144.9574,526000
Northcote,3/162 Westgarth St,2,u,S,Love,10/09/2016 0:00,5.5,3070,2,1,2,0,65,2000,Darebin,-37.7828,145.0096,605000
Fairfield,7 Rathmines St,3,h,PI,McGrath,03/12/2016 0:00,5.8,3078,3,1,2,309,110,2000,Darebin,-37.7828,145.0154,1350000
Northcote,2/62 Cunningham St,1,u,SP,McGrath,10/12/2016 0:00,5.5,3070,1,1,0,0,41,1970,Darebin,-37.7827,144.9999,385000
Northcote,16/62 Cunningham St,1,u,S,Chambers,19/11/2016 0:00,5.5,3070,1,1,1,0,40,1970,Darebin,-37.7827,144.9999,422000
Northcote,1/221 Westgarth St,3,t,S,Love,12/11/2016 0:00,5.5,3070,3,1,2,184,108,2006,Darebin,-37.7825,145.0104,865000
Northcote,7 McLachlan St,3,h,SP,McGrath,18/03/2017 0:00,5.5,3070,3,1,2,899,143,1960,Darebin,-37.7822,144.9935,2315000
Fitzroy North,35 Birkenhead St,2,h,S,Chambers,18/03/2017 0:00,3.5,3068,2,1,0,136,92,1890,Yarra,-37.7819,144.9824,1290000
Parkville,28/238 The Avenue,3,u,S,Nelson,27/11/2016 0:00,2.6,3052,3,2,2,2401,132,1980,Melbourne,-37.7818,144.9576,1403000
Carlton North,967 Drummond St,4,h,S,Ray,11/03/2017 0:00,3.2,3054,4,2,0,538,142,2015,Yarra,-37.7816,144.9714,2718000
Fitzroy North,70 Park St,4,h,S,Nelson,14/05/2016 0:00,3.5,3068,4,2,1,188,165,1900,Yarra,-37.7815,144.9869,1785000
Carlton North,4 Mary St,2,u,VB,Nelson,24/09/2016 0:00,3.2,3054,2,1,1,0,86,1940,Yarra,-37.7813,144.9773,520000
Fitzroy North,111 Best St,3,h,SP,Nelson,16/04/2016 0:00,3.5,3068,3,2,1,104,110,1890,Yarra,-37.7813,144.9834,1275000
Northcote,12 Simpson St,6,h,SP,Nelson,04/06/2016 0:00,5.5,3070,6,2,2,772,257,1992,Darebin,-37.7813,145.0065,2000000
Carlton North,989 Drummond St,3,h,SP,Chambers,07/05/2016 0:00,3.2,3054,3,1,2,499,164,1910,Yarra,-37.7811,144.9715,2950000
Carlton North,700 Rathdowne St,4,h,S,Woodards,07/05/2016 0:00,3.2,3054,3,1,0,418,163,1920,Yarra,-37.7808,144.9736,2175000
Northcote,29 Westgarth St,4,h,PI,hockingstuart,07/05/2016 0:00,5.5,3070,4,2,1,415,218,1900,Darebin,-37.7807,144.9948,1700000
Alphington,1/14 Fulham Rd,2,u,S,Love,25/02/2017 0:00,6.4,3078,2,1,1,0,61,1965,Darebin,-37.7805,145.0262,512000
Carlton North,1018 Drummond St,4,h,S,Nelson,16/04/2016 0:00,3.2,3054,4,2,2,504,168,1890,Yarra,-37.7805,144.9721,2520000
Northcote,24 Jessie St,4,h,VB,Jellis,03/09/2016 0:00,5.5,3070,4,2,1,464,179,1910,Darebin,-37.7805,145.004,1600000
Carlton North,292 Amess St,4,h,S,Nelson,22/05/2016 0:00,3.2,3054,4,2,2,207,162,1900,Yarra,-37.7804,144.9748,1950000
Northcote,25 Simpson St,4,h,S,McGrath,28/08/2016 0:00,5.5,3070,4,2,3,824,231,1920,Darebin,-37.7803,145.0063,2340000
Alphington,2c Hamilton St,3,h,SP,hockingstuart,22/05/2016 0:00,6.4,3078,3,1,1,180,131,2010,Darebin,-37.7802,145.0243,865000
Northcote,3 Atkinson St,3,h,S,Harrington,28/08/2016 0:00,5.5,3070,2,1,1,348,130,1910,Darebin,-37.7799,145.011,1080000
Northcote,24 Barry St,3,h,S,Harrington,19/11/2016 0:00,5.5,3070,3,1,1,407,143,1900,Darebin,-37.7799,144.9937,1715000
Northcote,39 Barry St,3,h,PI,Collins,04/06/2016 0:00,5.5,3070,3,1,1,247,160,1890,Darebin,-37.7798,144.9952,1710000
Carlton North,14/1102 Lygon St,1,u,S,Nelson,24/09/2016 0:00,3.2,3054,1,1,1,0,56,1970,Yarra,-37.7798,144.9707,437000
Fitzroy North,2 Pilkington St,4,h,VB,Nelson,03/09/2016 0:00,3.5,3068,4,2,1,266,175,1950,Yarra,-37.7797,144.9861,1450000
Fitzroy North,12/262 Barkly St,2,u,S,Nelson,28/08/2016 0:00,3.5,3068,2,1,1,0,48,1980,Yarra,-37.7794,144.989,602000
Northcote,11/94 Union St,2,u,SP,Nelson,06/08/2016 0:00,5.5,3070,2,2,1,0,69,2011,Darebin,-37.7793,144.9972,583000
Brunswick East,3/10 Rathdowne St,3,t,S,Woodards,30/07/2016 0:00,4.5,3057,2,1,1,0,114,2003,Moreland,-37.7789,144.9739,805000
Northcote,77 Union St,2,h,SP,Nelson,28/08/2016 0:00,5.5,3070,2,1,2,376,109,1920,Darebin,-37.7789,144.9952,1634000
Brunswick,2 Chambers St,3,h,S,Nelson,17/09/2016 0:00,5.2,3056,3,2,3,470,152,1920,Moreland,-37.7788,144.9688,1691500
Brunswick East,4/37 Brunswick Rd,2,u,S,Collins,10/12/2016 0:00,4.5,3057,2,1,1,0,79,1960,Moreland,-37.7786,144.9753,656000
Brunswick East,3/37 Brunswick Rd,2,u,S,Collins,16/07/2016 0:00,4.5,3057,2,1,1,0,96,1940,Moreland,-37.7786,144.9753,665000
Fitzroy North,74 Barkly St,4,h,S,Nelson,14/05/2016 0:00,3.5,3068,4,2,2,233,216,1890,Yarra,-37.7786,144.9818,1950000
Northcote,78 Bridge St,4,h,S,Nelson,30/07/2016 0:00,5.5,3070,4,1,1,382,168,1970,Darebin,-37.7784,144.9959,1650000
Northcote,118 Roberts St,2,h,S,Jellis,14/05/2016 0:00,5.5,3070,2,1,0,229,99,1910,Darebin,-37.7784,145.0042,1101000
Northcote,1/68 Bridge St,1,u,S,Harcourts,14/05/2016 0:00,5.5,3070,1,1,1,0,39,1960,Darebin,-37.7783,144.9954,312000
Fairfield,7/59 Rathmines St,2,u,S,Nelson,10/12/2016 0:00,5.8,3078,2,1,1,0,56,1970,Darebin,-37.7782,145.0162,445000
Fairfield,1/72 Rathmines St,2,u,S,hockingstuart,18/03/2017 0:00,5.8,3078,2,1,1,1658,68,1970,Darebin,-37.7781,145.0157,510000
Fitzroy North,201A Clauscen St,3,h,S,Holland,10/12/2016 0:00,3.5,3068,3,1,0,275,116,1915,Yarra,-37.7779,144.9862,1286000
Brunswick,8/705 Park St,2,u,S,Brad,18/03/2017 0:00,5.2,3056,2,1,1,0,57,1970,Moreland,-37.7778,144.9594,601000
Brunswick,154 Brunswick Rd,3,h,SP,Nelson,17/09/2016 0:00,5.2,3056,3,1,1,239,126,1910,Moreland,-37.7776,144.963,1050000
Brunswick,2/123 Brunswick Rd,3,t,PI,Walshe,27/06/2016 0:00,5.2,3056,3,2,1,110,118,2000,Moreland,-37.7776,144.9691,640000
Brunswick East,41 Barkly St,3,h,S,Nelson,19/11/2016 0:00,4.5,3057,3,2,0,326,118,1920,Moreland,-37.7776,144.9751,1679000
Brunswick East,94 Barkly St,4,h,S,Nelson,06/08/2016 0:00,4.5,3057,4,1,1,233,204,1890,Moreland,-37.7776,144.9727,1815000
Brunswick,11/6 Sydney Rd,1,u,S,Nelson,28/05/2016 0:00,5.2,3056,1,1,1,0,54,1965,Moreland,-37.7775,144.9607,370000
Brunswick,2/6 Sydney Rd,2,u,S,Nelson,24/09/2016 0:00,5.2,3056,2,1,1,0,66,1950,Moreland,-37.7775,144.9607,575000
Fitzroy North,5/118 Miller St,2,h,PI,Nelson,28/08/2016 0:00,3.5,3068,2,1,1,0,75,1980,Yarra,-37.777,144.9838,650000
Northcote,52 Charles St,2,h,S,Jellis,24/09/2016 0:00,5.5,3070,2,1,1,178,100,1900,Darebin,-37.777,144.9922,1211000
Brunswick,6/153 Barkly St,2,u,S,Nelson,07/11/2016 0:00,5.2,3056,2,1,1,0,75,2011,Moreland,-37.777,144.9703,600000
Brunswick,177 Barkly St,4,h,VB,Nelson,15/10/2016 0:00,5.2,3056,4,2,3,271,180,1900,Moreland,-37.7769,144.9691,1800000
Brunswick,222 Barkly St,5,h,S,Jellis,19/11/2016 0:00,5.2,3056,5,2,2,555,266,1890,Moreland,-37.7767,144.9645,2500000
Northcote,17/203 Clarke St,2,u,VB,Woodards,28/08/2016 0:00,5.5,3070,2,1,1,0,10,1970,Darebin,-37.7766,144.9988,570000
Brunswick,10/285 Brunswick Rd,1,u,S,Jellis,26/07/2016 0:00,5.2,3056,1,1,1,540,45,1970,Moreland,-37.7766,144.9574,370000
Brunswick East,178 Weston St,2,h,S,Greg,10/09/2016 0:00,4.5,3057,2,1,0,193,101,1890,Moreland,-37.7765,144.9751,1080000
Northcote,6 Brooke St,3,h,SP,Jellis,08/10/2016 0:00,5.5,3070,3,1,3,472,101,1924,Darebin,-37.7765,145.0027,1655000
Brunswick,5 Black St,3,h,S,Collins,18/06/2016 0:00,5.2,3056,3,2,1,0,195,1945,Moreland,-37.7763,144.9597,1700000
Northcote,10 Campbell Gr,3,t,S,Nelson,16/07/2016 0:00,5.5,3070,3,2,2,608,138,2012,Darebin,-37.7763,144.9967,900000
Northcote,3 Brooke St,4,h,S,hockingstuart,28/05/2016 0:00,5.5,3070,4,2,1,489,140,1910,Darebin,-37.7762,145.0027,1950000
Brunswick East,215 Weston St,3,h,S,Nelson,04/03/2017 0:00,4.5,3057,3,1,1,259,130,1920,Moreland,-37.7762,144.9755,1495000
Fitzroy North,8/3 Miller St,2,t,S,Woodards,18/03/2017 0:00,3.5,3068,2,2,2,0,95,2002,Yarra,-37.7761,144.9792,750000
Northcote,30 Clarke St,3,h,S,Nelson,03/09/2016 0:00,5.5,3070,3,1,1,215,125,1920,Darebin,-37.7759,144.9909,1200000
Brunswick,393A Brunswick Rd,3,h,S,Rendina,18/03/2017 0:00,5.2,3056,3,1,6,563,98,1960,Moreland,-37.7757,144.9505,1260000
Northcote,162 Bastings St,3,h,S,Jellis,27/11/2016 0:00,5.5,3070,3,2,1,338,90,1920,Darebin,-37.7757,145.0119,2160000
Northcote,6 Clarke St,3,h,SP,Nelson,15/10/2016 0:00,5.5,3070,3,1,0,158,106,1910,Darebin,-37.7756,144.9891,1050000
Fairfield,2/115 Gillies St,2,u,PI,Nelson,07/11/2016 0:00,5.8,3078,2,1,1,0,70,1970,Darebin,-37.7755,145.0178,505000
Brunswick East,6212/172 Edward St,2,u,VB,LITTLE,17/09/2016 0:00,4.5,3057,2,2,1,0,71,2014,Moreland,-37.7753,144.9725,590000
Northcote,13 Andrew St,3,h,SP,hockingstuart,16/04/2016 0:00,5.5,3070,3,1,1,522,174,1910,Darebin,-37.7752,145.0032,1900000
Alphington,83 Fulham Rd,5,h,S,Nelson,12/06/2016 0:00,6.4,3078,5,4,4,809,165,1910,Darebin,-37.775,145.0268,2840000
Brunswick,411 Barkly St,2,h,S,Jellis,30/07/2016 0:00,5.2,3056,2,1,2,246,103,1910,Moreland,-37.775,144.9536,945000
Brunswick East,9 John St,4,h,S,Nelson,07/05/2016 0:00,4.5,3057,4,2,2,822,145,1890,Moreland,-37.7749,144.9762,1625000
Fairfield,88 Perry St,4,h,S,Jellis,15/10/2016 0:00,5.8,3078,4,2,2,490,226,2007,Darebin,-37.7749,145.0242,1730000
Brunswick,175 Edward St,3,h,S,Nelson,16/04/2016 0:00,5.2,3056,2,1,1,216,100,1910,Moreland,-37.7746,144.9697,1261000
Northcote,83 Bastings St,3,h,S,Nelson,17/09/2016 0:00,5.5,3070,3,1,1,328,135,1920,Darebin,-37.7745,145.0045,1300000
Brunswick,25 Gray St,4,h,S,Jellis,28/08/2016 0:00,5.2,3056,4,2,1,354,199,1910,Moreland,-37.7745,144.9523,1755000
Brunswick,3/30 Heller St,2,t,S,Jellis,25/02/2017 0:00,5.2,3056,2,2,1,156,87,2007,Moreland,-37.7744,144.9498,801000
Brunswick,141 Gold St,2,h,S,Nelson,07/05/2016 0:00,5.2,3056,2,1,1,179,90,1890,Moreland,-37.7742,144.9542,845500
Brunswick,26 Warburton St,3,h,S,Nelson,27/11/2016 0:00,5.2,3056,3,1,1,316,132,1910,Moreland,-37.7741,144.9703,1340000
Northcote,155 Westbourne Gr,3,h,PI,Jellis,30/07/2016 0:00,5.5,3070,3,1,3,327,165,1900,Darebin,-37.7741,144.9971,1510000
Northcote,14 Northcote St,2,h,S,Barry,27/06/2016 0:00,5.5,3070,2,1,2,301,100,1925,Darebin,-37.774,145.0081,1050000
Brunswick East,1/10 Linden St,3,t,S,Nelson,23/04/2016 0:00,4.5,3057,3,2,1,0,133,2014,Moreland,-37.774,144.9731,1010000
Brunswick East,2/33 Linden St,3,t,PI,Jellis,19/11/2016 0:00,4.5,3057,3,3,2,87,151,1998,Moreland,-37.7739,144.975,1050000
Brunswick,19 Horne St,3,h,S,Nelson,28/05/2016 0:00,5.2,3056,3,1,1,346,126,1900,Moreland,-37.7738,144.9695,1550000
Brunswick,4 Bell St,4,h,S,Ray,27/06/2016 0:00,5.2,3056,3,1,1,416,129,1920,Moreland,-37.7737,144.965,1790000
Fitzroy North,273 Glenlyon Rd,2,h,S,Chambers,19/11/2016 0:00,3.5,3068,2,1,2,487,105,1940,Moreland,-37.7737,144.9822,1222500
Fairfield,147 Gillies St,3,h,S,McGrath,28/08/2016 0:00,5.8,3078,3,1,1,496,122,1910,Darebin,-37.7737,145.018,1375000
Brunswick East,55 King St,4,h,S,Woodards,04/06/2016 0:00,4.5,3057,4,2,2,470,191,1940,Moreland,-37.7735,144.9833,1550000
Fairfield,197 Station St,4,h,PI,Nelson,07/05/2016 0:00,5.8,3078,4,2,1,381,145,1890,Darebin,-37.7735,145.0192,1160000
Fairfield,1/203 Station St,2,u,VB,Jellis,27/11/2016 0:00,5.8,3078,2,1,2,0,75,1970,Darebin,-37.7732,145.0193,600000
Brunswick,215/1 Dods St,3,u,S,Jellis,16/07/2016 0:00,5.2,3056,3,1,1,0,85,2000,Moreland,-37.773,144.9624,1044000
Brunswick East,160 Glenlyon Rd,3,h,PI,Nelson,22/05/2016 0:00,4.5,3057,3,1,1,213,116,1920,Moreland,-37.7729,144.9724,825000
Brunswick East,156 Glenlyon Rd,3,h,S,Nelson,27/06/2016 0:00,4.5,3057,3,1,1,279,122,1900,Moreland,-37.7729,144.9722,1050000
Brunswick,30 Charles St,4,h,S,Nelson,15/10/2016 0:00,5.2,3056,4,1,1,370,151,1940,Moreland,-37.7728,144.9639,1350000
Fairfield,52 Rayment St,3,h,VB,Nelson,19/11/2016 0:00,5.8,3078,3,1,4,553,109,1930,Darebin,-37.7728,145.0214,1350000
Northcote,81 Mitchell St,5,h,S,hockingstuart,14/05/2016 0:00,5.5,3070,4,3,3,490,331,1920,Darebin,-37.7726,145.0048,2700000
Brunswick,36 Charles St,4,h,S,Jellis,27/06/2016 0:00,5.2,3056,4,2,2,657,207,1958,Moreland,-37.7725,144.964,1875000
Brunswick,3/38 Charles St,2,t,PI,Nelson,10/09/2016 0:00,5.2,3056,2,2,1,118,88,2013,Moreland,-37.7723,144.9643,750000
